A1,Name of College/University:,University of Michigan
A1,Mailing Address:,500 S. State Street
A1,City/State/Zip/Country:,"Ann Arbor, MI 48109  USA"
A1,Street Address (if different):,
A1,City/State/Zip/Country:,
A1,Main Phone Number:,(734) 764-1817
A1,WWW Home Page Address:,umich.edu
A1,Admissions Phone Number:,(734) 764-7433
A1,Admissions Toll-Free Phone Number:,n/a
A1,Admissions Office Mailing Address:,"1220 Student Activities Bldg., 515 E. Jefferson St."
A1,City/State/Zip/Country:,"Ann Arbor, MI 48109-1316  USA"
A1,Admissions Fax Number:,(734) 936-0740
A1,Admissions E-mail Address:,"n/a, see admissions.umich.edu/contact-us"
A1,URL for school’s online application:,apply.commonapp.org or coalitionforcollegeaccess.org
A1,If you have a mailing address other than the,
"","above to which applications should be sent,",n/a
"",please provide:,
A2,Public,X
A2,Private (nonprofit),
A2,Proprietary,
A3,Coeducational college,X
A3,Men's college,
A3,Women's college,
A4,Semester,
A4,Quarter,
A4,Trimester,X
A4,4-1-4,
A4,Continuous,
A4,Differs by program (describe):,
A4,Other (describe):,
A5,Certificate,
A5,Diploma,
A5,Associate,
A5,Transfer Associate,
A5,Terminal Associate,
A5,Bachelor's,X
A5,Postbachelor's certificate,X
A5,Master's,X
A5,Post-mas terg's certificate,X
A5,research/scholarship,X
A5,Doctoral degree -professional practice,X
A5,Doctoral degree  -  other,
"",,FULL-TIME,,,PART-TIME,
"",Men,,Women,Men,,Women
Undergraduates,,,,,,
"Degree-seeking, first-time freshmen (7,050)","3,060",,"3,964",9,,17
"Other first-year, degree-seeking (1,342)",685,,621,19,,17
"All other degree-seeking (24,056)","10,960",,"11,858",717,,521
"","14,705",,"16,443",745,,555
"Total degree-seeking (32,448)",,,,,,
"",,"31,148",,,"1,300",
All other UG enrolled for credit (247),97,,74,33,,43
"","14,802",,"16,517",778,,598
"Total undergraduate (32,695)",,,,,,
"",,"31,319",,,"1,376",
Graduate,,,,,,
"Degree-seeking, first-time (6,305)","2,839",,"2,951",263,,252
"All other degree-seeking (11,973)","4,774",,"5,279","1,147",,773
All other graduate enrolled for credit (252),102,,81,34,,35
"","7,715",,"8,311","1,444",,"1,060"
"Total graduate (18,530)",,,,,,
"",,"16,026",,,"2,504",
"","22,517",,"24,828","2,222",,"1,658"
"Total undergraduate and graduate (51,225)",,,,,,
"",,"47,345",,,"3,880",
"",,,,Total all undergraduates,,"32,695"
"",,,,Total all graduate,,"18,530"
"",,,GRAND TOTAL ALL STUDENTS,,,"51,225"
"",Degree-Seeking,,
"",,Degree-Seeking,Total
"",First-Time,,
"",,Undergraduates,Undergraduates
"",First-Year,,
"",,(include first-time first-,(degree- and non-
"",,year),degree-seeking)
US nonresidents,298 4%,"2,715 8%","2,866 9%"
Hispanic/Latino,846 12%,"2,696 8%","2,705 8%"
"Black or African American, non-Hispanic",338 5%,"1,330 4%","1,334 4%"
"White, non-Hispanic","3,418 48%","16,595 51%","16,653 51%"
"American Indian or Alaska Native, non-Hispanic",8 0%,39 0%,40 0%
"Asian, non-Hispanic","1,416 20%","5,843 18%","5,857 18%"
"Native Hawaiian or other Pacific Islander, non-Hispanic",7 0%,18 0%,18 0%
"Two or more races, non-Hispanic",387 5%,"1,644 5%","1,645 5%"
Race and/or ethnicity unknown,332 5%,"1,568 5%","1,577 5%"
TOTAL,"7,050 100%","32,448 100%","32,695 100%"
Certificate/diploma,,,,
Associate degrees,,,,
Bachelor's degrees,"8,021",55%,"8,021",56%
Postbachelor's certificates,0,0.0%,,
Master's degrees,"4,731",32%,"4,731",33%
Post-Master's certificates,300,2%,,
Doctoral degrees – research/scholarship,892,6%,892,6%
Doctoral degrees – professional practice,738,5%,738,5%
Doctoral degrees – other,,,,
TOTAL,"14,682",100%,"14,382",100%
"",Fall 2016 Cohort (full-time first-time,,Recipients of a,Students who did not,
"",bachelor's degree-seeking undergraduate,Recipients of a,Subsidized Stafford,receive either a Pell,Total (sum of 3
"",students who entered in Fall 2016 or the,Federal Pell Grant,Loan who did not,Grant or a subsidized,columns to the left)
"",preceding summer term),,receive a Pell Grant,Stafford Loan,
B4,"Initial 2016 cohort of first-time, full-time",,,,
"",bachelor's (or equivalent) degree seeking,"1,100",901,"4,674","6,675"
"",undergraduate-students,,,,
B5,Subtractions from the initial 2016 cohort due,,,,
"","to death, permanent disability, military",,,,
"","service, foreign aid service of the federal",0,0,3,3
"","government, or official church missions",,,,
B6,Final adjusted 2016 cohort,"1,100",901,"4,671","6,672"
B7,"Of the 2016 cohort, count of those who",,,,
"",completed the program in four years or less,742 67.5%,731 81.1%,"3,950 84.6%","5,423 81.3%"
"","(by August 31, 2020):",,,,
B8,"Of the 2016 cohort, count of those who",,,,
"",completed the program in more than four,,,,
"",years but in five years or less (after August,,,,
"",,180 16.4%,92 10.2%,414 8.9%,686 10.3%
"","31, 2020 and by August 31, 2021):",,,,
B9,"Of the 2016 cohort, count of those who",,,,
"",completed the program in more than five,,,,
"",years but in six years or less (after August,,,,
"",,19 1.7%,21 2.3%,67 1.4%,107 1.6%
"","31, 2021 and by August 31, 2022):",,,,
B10,Total graduating within six years,941,844,"4,431","6,216"
B11,Six-year graduation rate for 2016 cohort,85.5%,93.7%,94.9%,93.2%
"",Fall 2015 Cohort (full-time first-time,,Recipients of a,Students who did not,
"",bachelor's degree-seeking undergraduate,Recipients of a,Subsidized Stafford,receive either a Pell,Total (sum of 3
"",students who entered in Fall 2015 or the,Federal Pell Grant,Loan who did not,Grant or a subsidized,columns to the left)
"",preceding summer term),,receive a Pell Grant,Stafford Loan,
B4,"Initial 2015 cohort of first-time, full-time",,,,
"",bachelor's (or equivalent) degree seeking,891,902,"4,257","6,050"
"",undergraduate-students,,,,
B5,Subtractions from the initial 2015 cohort due,,,,
"","to death, permanent disability, military",,,,
"","service, foreign aid service of the federal",0,0,1,1
"","government, or official church missions",,,,
B6,Final adjusted 2015 cohort,891,902,"4,256","6,049"
B7,"Of the 2015 cohort, count of those who",,,,
"",completed the program in four years or less,645 72.4%,703 77.9%,"3,545 83.3%","4,893 80.9%"
"","(by August 31, 2019):",,,,
B8,"Of the 2015 cohort, count of those who",,,,
"",completed the program in more than four,,,,
"",years but in five years or less (after August,,,,
"",,138 15.5%,118 13.1%,403 9.5%,659 10.9%
"","31, 2019 and by August 31, 2020):",,,,
B9,"Of the 2015 cohort, count of those who",,,,
"",completed the program in more than five,,,,
"",years but in six years or less (after August,,,,
"",,13 1.5%,18 2.0%,82 1.9%,113 1.9%
"","31, 2020 and by August 31, 2021):",,,,
B10,Total graduating within six years,796,839,"4,030","5,665"
B11,Six-year graduation rate for 2015 cohort,89.3%,93.0%,94.7%,93.7%
"Total men who applied for first-time, first-year admission","42,004",
"Total women who applied for first-time, first-year admission","42,283","sum = 84,289"
"Total unknown sex who applied for first-time, first-year admission",2,
"Total men offered first-time, first-year admission","8,480","sum = 14,914"
"Total women offered first-time, first-year admission","6,434",(18% of apps)
"Total full-time, first-time, first-year men who enrolled","3,060",
"",,"sum = 3,069"
"Total part-time, first-time, first-year men who enrolled",9,
"Total full-time, first-time, first-year women who enrolled","3,964",
"",,"sum = 3,981"
"Total part-time, first-time, first-year women who enrolled",17,
"Total full-time, first-time, first-year who enrolled","7,024","sum = 7,050 (47%"
"Total part-time, first-time, first-year who enrolled",26,of adm)
Do you have a policy of placing students on a waiting list?,Yes,
"If yes, please answer the questions below for Fall 2022 admissions:",,
Number of qualified applicants offered a place on waiting list,"21,078",
Number of applicants accepting a place on the waiting list,"15,076",72%
Number of wait-listed applicants sent admission offers,77,1%
Is your waiting list ranked?,No,
High school diploma is required and GED is accepted,X
High school diploma is required and GED is not accepted,
High school diploma or equivalent is not required,
Require,
Recommend,X
Neither require nor recommend,
"",Units:,Required,Recommended
Total academic units,,16,23+
English,,4,4
Mathematics,,3-4,4
Science,,3-4,4
"Of these, units that must be lab",,1,1
Foreign language,,2 (for LSA),4
Social studies,,1,1
History,,3,3
Academic electives,,varies,varies
Computer Science,,(blank),1
Visual/Performing Arts,,(blank),2
"",,,"IB, AP, A Levels,"
Other (specify),,Varies by school and college,"honors, advanced, accelerated,"
"",,,enriched
Open admission policy as described above for all students,n/a
"Open admission policy as described above for most students, but--",
selective admission for out-of-state students,n/a
selective admission to some programs,n/a
other (explain),
"",Very Important,Important,Considered,Not Considered
Academic,,,,
Rigor of secondary school record,X,,,
Class rank,,,,X
Academic GPA,X,,,
Standardized test scores,,X,,
Application Essay,,X,,
Recommendation(s),,X,,
Nonacademic,,,,
Interview,,,,X (see note)
Extracurricular activities,,,X,
Talent/ability,,,X,
Character/personal qualities,,X,,
First generation,,X,,
Alumni/ae relation,,,,X
Geographical residence,,,X,
State residency,,,X,
Religious affiliation,,,,X
Racial/ethnic status,,,,X
Volunteer work,,,X,
Work experience,,,X,
Level of applicant’s interest,,,X,
C8,Entrance exams,,
C8A,"Does your institution make use of SAT, ACT, or SAT Subject Test scores in admission",,
"","decisions for first-time, first-year, degree-seeking applicants?",Yes,
"",Marks reflect the institution’s ADMISSION,,
"",policies for use in admission for Fall,,
"",Require Recommend,,
"",Require for,Consider if,
"",2023. Some,Submitted,Not Used
"",SAT or ACT X,,
"",ACT only,,
"",SAT only,,
"",SAT & SAT Subject Tests or ACT,X,
"",SAT Subject Tests only X,,
ACT with writing required,
ACT with writing recommended,
ACT with or without writing accepted,X
SAT with Essay component required,
SAT with Essay component recommended,
SAT with or without Essay component accepted,X
"",SAT essay,ACT essay
For admission,,
For placement,,
For advising,,
In place of an application essay,,
As a validity check on the application essay,,
No college policy as of now,,
Not using essay component,X,X
No,,
Latest date by which SAT or ACT scores must be received for fall-term admission,Feb. 1,
Latest date by which SAT Subject Test scores must be received for fall-term admission,n/a,
"If necessary, use this space to clarify your test policies (e.g., if tests are recommended for some students, or iftests are not required of some students): International and home-schooled students should review policies at:admissions.umich.edu",,
SAT:,
ACT:,
SAT Subject Tests:,recommended for on-line or home-schooled students
AP:,see  admissions.umich.edu/apply/freshmen-applicants/ap-ib-credit
CLEP:,
Institutional Exam:,X
State Exam (specify):,
Percent submitting SAT scores,54%,Number submitting SAT scores,"3,829"
Percent submitting ACT scores,24%,Number submitting ACT scores,"1,692"
"",25th Percentile,50th Percentile,75th Percentile
"SAT CompositeSAT Evidence-based Reading and WritingSAT Math",1350,1470,1530
"",670,720,750
"",680,750,780
"",25th Percentile,50th Percentile,75th Percentile
"ACT CompositeACT Math",31,33,34
"",29,32,35
ACT English,33,35,35
Score Range (Individual Test),"SAT Evidence-based Reading andWriting",SAT Math,,"Score Range(Composite)",SAT Composite
700-800,63.8%,71.5%,,1400-1600,70.3%
600-699,29.5%,20.2%,,1200-1399,22.7%
500-599,5.8%,7.2%,,1000-1199,6.1%
400-499,0.8%,1.0%,,800-999,0.8%
300-399,0.0%,0.1%,,600-799,0.1%
200-299,0.0%,0.0%,,400-599,0.0%
Totals should = 100%,100%,100%,,,100%
Score Range (Individual Test),ACT English,ACT Math,,"Score Range(Composite)",ACT Composite
30-36,88.0%,72.7%,,30-36,87.3%
24-29,10.1%,24.6%,,24-29,11.5%
18-23,2.0%,1.1%,,18-23,1.2%
12-17,0.0%,0.0%,,12-17,0.0%
6-11,0.0%,0.0%,,6-11,0.0%
Below 6,0.0%,0.0%,,Below 6,0.0%
Totals should = 100%,100%,98%,,,100%
Percent in top tenth of high school graduating class,
Percent in top quarter of high school graduating class,
Percent in top half of high school graduating class,
Percent in bottom half of high school graduating class,
Percent in bottom quarter of high school graduating class,
"Percent of total first-time, first-year (freshmen) students who submitted high school class rank:",
Percent who had GPA of 4.0,38.0%
Percent who had GPA of 3.75 and 3.99,54.4%
Percent who had GPA between 3.50 and 3.74,6.4%
Percent who had GPA between 3.25 and 3.49,0.8%
Percent who had GPA between 3.00 and 3.24,0.2%
Percent who had GPA between 2.50 and 2.99,0.2%
Percent who had GPA between 2.0 and 2.49,0.0%
Percent who had GPA between 1.0 and 1.99,0.0%
Percent who had GPA below 1.0,0.0%
Totals should = 100%,100%
"Average high school GPA of all degree-seeking, first-time, first-yearstudents who submitted GPA:",3.90
"Percent of total first-time, first-year students who submitted high school GPA:",93%
Does your institution have an application fee?,Yes
Amount of application fee:,$75
Can it be waived for applicants with financial need?,Yes
X
""
""
Does your institution have an application closing date?,Yes,
Application closing date (fall):,Feb. 1,
Priority date:,Nov. 1 - Early Action Program,
"Are first-time, first-year students accepted for terms other than the fall?",Yes (only for LSA),
On a rolling basis beginning (date):
By (date): 1/31/24 for early action completed files
Other: students who apply by 2/1/24 will receive a decision starting in early February and no later than early April
Must reply by (date):,May 1
No set date:,
Must reply by May 1 or within _____ weeks if notified,
thereafter,2
Other:,
Deadline for housing deposit (MM/DD):,
Amount of housing deposit:,n/a
Refundable if student does not enroll?,
"Yes, in full",
"Yes, in part",
No,
Does your institution allow students to postpone enrollment after admission?,Yes
"If yes, maximum period of postponement:",usually 1 year
First or only early decision plan closing date
First or only early decision plan notification date
Other early decision plan closing date
Other early decision plan notification date
Number of early decision applications received by your institution
Number of applicants admitted under early decision plan
Please provide significant details about your early decision plan:
Early action closing date,Nov. 1
Early action notification date,end of January
Is your early action plan a “restrictive” plan under which you limit students,No
from applying to other early plans?,
D1,Does your institution enroll transfer students?,Yes
D1,"If yes, may transfer students earn advanced standing credit by transferring",
"",credits earned from course work completed at other colleges/universities?,Yes
D2,,,,
"",,Applicants,,
"",,,Admitted,Enrolled
"",,,Applicants,Applicants
D2,Men,"3,097","1,036",704
D2,Women,"2,528","1,026",638
D2,Unidentified,8,0,0
D2,Total,"5,633","2,062","1,342"
D3,Fall X,,
D3,Winter X (some colleges),,
D3,Spring X (some colleges),,
D3,Summer X (some colleges),,
D4,Must a transfer applicant have a minimum number of credits completed or,,
"",else must apply as an entering freshman?,,No
D4,"If yes, what is the minimum number of credits?",,n/a
D5,,RecommendedRequired of All Recommended Not Requiredof All of Some,,,Required of Some
D5,High school transcript,X,,,
D5,College transcript(s),X,,,
D5,Essay or personal statement,X,,,
D5,Interview,,,,X
D5,Standardized test scores,X,,,
D5,Statement of good standing from prior,,,,
"",institution(s),X,,,
D6,If a minimum high school grade point average is required of transfer,,,,
"","applicants, specify (on a 4.0 scale):",n/a,,,
D7,"If a minimum college grade point average is required of transfer applicants,",,,,
"",specify (on a 4.0 scale):,n/a,,,
D8,List any other application requirements specific to transfer applicants:,,,,
"",,admissions.umich.edu/apply/transfer-students,,,
D9,,,,,,
"",,Priority Date Closing Date,,,,
"",,,Notification,,,
"",,,,,Reply Date,
"",,,,,,Rolling
"",,,Date,,,Admission
"",Fall,February 1,,,varies; not later than May 1st,X
"",Winter,October 1,,,varies; not later than May 1st,X
"",Spring,February 1,,,varies; not later than May 1st,X
"",Summer,February 1,,,varies; not later than May 1st,X
D10,"Does an open admission policy, if reported, apply to transfer students?",,,,,
"",,,n/a,,,
D11,"Describe additional requirements for transfer admission, if applicable:",,,,,
"",,admissions.umich.edu/apply/transfer-students,,,,
D12,Report the lowest grade earned for any course that may be transferred for,,
"",credit:  C,,
D13,Number,,Unit Type
D13,Maximum number of credits or courses that may be transferred from a two- 62 (if AA or AS,,
"",year institution: degree earned,,Transferable
"",and credits are,,semester credits
"",transferable),,
D14,Number,,Unit Type
D14,Maximum number of credits or courses that may be transferred from a four-,,
"",year institution:  60,,Transferable
"",,,semester credits
D15,Minimum number of credits that transfers must complete at your institution to,,
"",earn an associate degree: n/a,,
D16,Minimum number of credits that transfers must complete at your institution to,,
"",earn a bachelor’s degree:  60,,
D17,Describe other transfer credit policies:,,
"",admissions.umich.edu/apply/transfer-students,,
"",American Council on Education (ACE) only accredited programs (such as Defense Language Institute)
"",College Level Examination Program (CLEP) Yes
"",DANTES Subject Standardized Tests (DSST) No
D19,Number Unit Type
"",60 - depending
"",Maximum number of credits or courses that may be transferred based on on academic credits
"",military education evaluated by the American Council on Education (ACE): department
D20,Number Unit Type
"",Maximum number of credits or courses that may be transferred based on
"",Department of Defense supported prior learning assessments (College
"",Level Examination Program (CLEP) or DANTES Subject Standardized Tests 10 credits
"",(DSST)):
D21,Are the military/veteran credit transfer policies on your website? Yes
D21,"If yes, please provide the URL where they can be located:"
"",see https://vets.umich.edu/prospective-students/undergraduate-students/transfer-credit/
D21,Describe other military/veteran transfer credit policies unique to your institution: U-M is very conservative on
"",awarding military course transfer credits.
E1,Accelerated program x
E1,Cooperative education program x
E1,Cross-registration x
E1,Distance learning x
E1,Double major x
E1,Dual enrollment x
E1,English as a Second Language (ESL) x
E1,Exchange student program (domestic) x
E1,External degree program x
E1,Honors Program x
E1,Independent study x
E1,Internships x
E1,Liberal arts/career combination x
E1,Student-designed major x
E1,Study abroad x
E1,Teacher certification program x
E1,Weekend college x
E1,Other (specify): Dual and combined baccalaureate degree options in the College of Engineering; dual degree
"","options in the Ross School of Business; College of Literature, Science and the Arts; School of Kinesiology;"
"","School of Music, Theater & Dance; Penny W. Stamps School of Art & Design; and Taubman College of"
"",Architecture and Urban Planning. Sequential or concurrent UG-Grad studies.
E3,Arts/fine arts
E3,Computer literacy
E3,English (including composition) x
E3,Foreign languages x
E3,History
E3,Humanities x
E3,Mathematics
E3,Philosophy
E3,Sciences (biological or physical) x
E3,Social science x
E3,"Other (describe): Academic requirements vary by program. For the College of Literature, Science, and the Arts"
"","most students must complete 7 credits in each of the following three areas: Natural Science, Social Science, and"
"","Humanities, for a total of 21 credits. Students must also complete 3 additional credits in three of the following five"
"","areas: Natural Science, Social Science, and Humanities, Mathematical and Symbolic Analysis, and Creative"
"","Expression, for a total of 9 credits. All students admitted to the college must also meet the quantitative reasoning"
"","requirement, designed to ensure that every graduate receives a certain level of proficiency in using and"
"","analyzing quantitative information. To graduate, students must complete a minimum of 120 credits with a"
"","cumulative GPA of 2.0. Degree programs in other undergraduate schools and colleges have similar, but not"
"","identical, requirements."
F1,,"First-time, first-year",
"",,students,Undergraduates
F1,Percent who are from out of state (exclude international/US nonresidents from the,,
"",numerator and denominator),44%,39%
F1,Percent of men who join fraternities,n/a,8%
F1,Percent of women who join sororities,n/a,16%
F1,"Percent who live in college-owned, -operated, or -affiliated housing",97%,27%
F1,Percent who live off campus or commute,3%,73%
F1,Percent of students age 25 and older,0%,2%
F1,Average age of full-time students,18,20
F1,Average age of all students (full- and part-time),18,20
F2,Campus Ministries,x
F2,Choral groups,x
F2,Concert band,x
F2,Dance,x
F2,Drama/theater,x
F2,International Student Organization,x
F2,Jazz band,x
F2,Literary magazine,x
F2,Marching band,x
F2,Model UN,x
F2,Music ensembles,x
F2,Musical theater,x
F2,Opera,x
F2,Pep band,x
F2,Radio station,x
F2,Student government,x
F2,Student newspaper,x
F2,Student-run film society,x
F2,Symphony orchestra,x
F2,Television station,x
F2,Yearbook,x
F3,,,,,
"",,On Campus,At Cooperating Institution,,Name of Cooperating Institution
F3,Army ROTC is offered,x,,,
F3,"Naval ROTC, with Marines option, is offered",x,,,
F3,Air Force ROTC is offered,x,,,
F4,Coed dorms,x
F4,Men's dorms,
F4,Women's dorms,x
F4,Apartments for married students,x
F4,Apartments for single students,x
F4,Special housing for disabled students,x
F4,Special housing for international students,
F4,Fraternity/sorority housing,x
F4,Cooperative housing,x
F4,Theme housing,x
F4,"Wellness housing (alcohol-, drug-, smoke-free)",x
F4,"Other housing options (specify): living-learning communities, gender neutral",
G1,,First-Year,Undergraduates*,* Average of lower division
"",PRIVATE INSTITUTIONS Tuition,,,and upper division rates
"",PUBLIC INSTITUTIONS Tuition(In-district),,,
"",PUBLIC INSTITUTIONS In-state,"$16,404","$17,454",
"",PUBLIC INSTITUTIONS Out-of-state,"$55,002","$56,941",
"",US nonresident Tuition,"$55,002","$56,941",
G1,REQUIRED FEES (all students),$332,$332,
"",REQUIRED FEES (international students),"$1,000","$1,000",
G1,ROOM AND BOARD (on-campus),"$13,171","$13,171",
"",ROOM ONLY (on-campus),,,
"",BOARD ONLY (on-campus meal plan),,,
G1,Comprehensive tuition and room and board fee (if your college cannot,,,
"",provide separate tuition and room and board fees):,,n/a,
G2,,,Minimum,Maximum
"",Number of credits per term a student can take for the stated full-time tuition,,12,18
"","Do tuition and fees vary by year of study (e.g., sophomore, junior)?",,Yes,
G4,Do tuition and fees vary by undergraduate instructional program?,,Yes,
"","If yes, what percentage of full-time undergraduates pay more than the tuition",,,
"",and fees reported in G1?,,37%,
"",On-Campus,,,
"",,,Commuters,
"",,,(living at home),
"",,,,Off-Campus
Books and supplies,"$1,092",,"$1,092","$1,092"
Room only,,,,
Board only,,,,
Room and board total  (if your college cannot,,,,
provide separate room and board figures for,"$13,171",,"$5,664","$13,171"
commuters not living at home):,,,,
Transportation,,,,
Other expenses,"$2,557",,"$2,557","$2,557"
PRIVATE INSTITUTIONS:,
PUBLIC INSTITUTIONS In-district,
PUBLIC INSTITUTION In-state,"Lower Division: First credit hour, $1,046; Add'l hours, $651. Upper Division: First"
"","credit hour, $1,133, Add'l hours, $738. $166 in fees per semester."
PUBLIC INSTITUTIONS Out-of-state,"Lower Division: First credit hour, $2,654; Add'l hours, $2,259. Upper Division: First"
"","credit hour, $2,815, Add'l hours, $2,420. $166 in fees per semester."
US nonresidents,"Lower Division: First credit hour, $2,654; Add'l hours, $2,259. Upper Division: First"
"","credit hour, $2,815, Add'l hours, $2,420. $666 in fees per semester."
H1,,2022-2023,2021-2022
"",,estimated,final
"","Indicate the academic year for which data are reported in H1, H2, H2A, and H6 below:",,X
Federal methodology (FM),
Institutional methodology (IM),
Both FM and IM,X
"",Need-based Aid,
"",,Non-need-based
"",,Aid
Scholarships/Grants,,
Federal,"$33,455,679","$7,656,146"
"State (i.e., all states, not only the state in which your institution is located)","$713,356","$3,651,874"
"Institutional: Endowed scholarships, annual gifts and tuition funded grants, awarded by the",,
"college, excluding athletic aid and tuition waivers (which are reported below).","$190,623,218","$75,485,757"
"Scholarships/grants from external sources (e.g., Kiwanis, National Merit) not awarded by the",,
college,,"$21,686,888"
Total Scholarships/Grants,"$224,792,253","$108,480,665"
Self-Help,,
Student loans from all sources (excluding parent loans),"$28,861,825","$48,878,610"
Federal Work-Study,"$7,644,967",
"State and other (e.g., institutional) work-study/employment (Note: Excludes Federal Work-",,
Study captured above.),,
Total Self-Help,"$36,506,792","$48,878,610"
Other,,
Parent Loans,,"$28,393,750"
Tuition Waivers.  Reporting is optional. Report tuition waivers in this row if you choose to,,
report them. Do not report tuition waivers elsewhere.,,
Athletic Awards,,"$24,397,603"
"",First-time,Full-time,Less Than
Excludes aid related to the CARES Act or unique to the COID-19 pandemic.,Full-time,Undergraduate,Full-time
"",Freshmen,(Incl. Fresh.),Undergraduate
A,,,
Number of degree-seeking undergraduate students (Fall 2021 cohort),"7,251","30,654","1,409"
B,,,
Number of students in line a who applied for need-based financial aid,"5,173","16,876",475
C Number of students in line b who were determined to have financial,,,
need,"2,684","11,621",307
D Number of students in line c who were awarded any financial aid,"2,556","11,258",267
E Number of students in line d who were awarded any need-based,,,
scholarship or grant aid,"2,136","9,562",196
F,Number of students in line d who were awarded any need-based self-,,,
"",help aid,"1,392","6,955",163
G,Number of students in line d who were awarded any non-need-based,,,
"",scholarship or grant aid,"1,844","7,484",112
H,Number of students in line d whose need was fully met (exclude PLUS,,,
"","loans, unsubsidized loans, and private alternative loans)","1,675","7,880",212
I,"On average, the percentage of need that was met of students who were",,,
"",awarded any need-based aid. Exclude any aid that was awarded in,,,
"",excess of need as well as any resources that were awarded to replace,87%,90%,91%
"","EFC (PLUS loans, unsubsidized loans, and private alternative loans)",,,
J,The average financial aid package of those in line d. Exclude any,,,
"","resources that were awarded to replace EFC (PLUS loans,","$26,947","$29,287","$13,539"
"","unsubsidized loans, and private alternative loans)",,,
K,Average need-based scholarship and grant award of those in line e,"$19,514","$22,887","$12,228"
L,"Average need-based self-help award (excluding PLUS loans,",,,
"","unsubsidized loans, and private alternative loans) of those in line f","$3,886","$4,819","$4,441"
M,"Average need-based loan (excluding PLUS loans, unsubsidized loans,",,,
"",and private alternative loans) of those in line f who were awarded a,"$3,463","$4,571","$4,409"
"",need-based loan,,,
"",,First-time,Full-time,Less Than
"",,Full-time,Undergrad,Full-time
"",,Freshmen,(Incl. Fresh.),Undergrad
N,Number of students in line a who had no financial need and who were,,,
"",awarded institutional non-need-based scholarship or grant aid (exclude,,,
"",those who were awarded athletic awards and tuition benefits),"1,037","3,286",99
O,Average dollar amount of institutional non-need-based scholarship and,,,
"",grant aid awarded to students in line n,"$4,387","$6,027","$4,011"
P,Number of students in line a who were awarded an institutional non-,,,
"",need-based athletic scholarship or grant,127,640,11
Q,Average dollar amount of institutional non-need-based athletic,,,
"",scholarships and grants awarded to students in line p,"$37,436","$37,904","$12,663"
"Number and percent of students in class (defined in H4 above)borrowing from federal, non-federal, and any loan sources, and theaverage (or mean) amount borrowed.",,,
"Source/Type of Loan. The “Average per-undergraduate-borrowercumulative principal borrowed,” provides  information about studentborrowing by loan source. The numbers, percentages, and averages arebased only on the loan source specified for the row.",,,
"a) Any loan program: Federal Perkins, Federal Subsidized andUnsubsidized, institutional, state, private loans that your institution is awareof, etc. Include both Federal Direct Student Loans and Federal FamilyEducation Loans.","2,288",35%,"$28,487"
"b) Federal loan programs: Federal Perkins, Federal Subsidized andUnsubsidized. Include both Federal Direct Student Loans and FederalFamily Education Loans.","2,224",34%,"$20,306"
c) Institutional loan programs.,126,2%,"$6,284"
d) State loan programs.,0,0%,$0
e) Private alternative loans made by a bank or lender.,400,6%,"$48,066"
Institutional need-based scholarship or grant aid is available,
Institutional non-need-based scholarship or grant aid is available,
Institutional scholarship or grant aid is not available,X
"If institutional financial aid is available for undergraduate degree-seeking US nonresidents, provide the numberof undergraduate degree-seeking US nonresidents who were awarded need-based or non-need-based aid:",n/a
Average dollar amount of institutional financial aid awarded to undergraduate degree-seeking US nonresidents:,n/a
Total dollar amount of institutional financial aid awarded to undergraduate degree-seeking US nonresidents:,n/a
Institution’s own financial aid form,n/a
CSS/Financial Aid PROFILE,n/a
International Student’s Financial Aid Application,n/a
International Student’s Certification of Finances,n/a
Other (specify):,
FAFSA,X
Institution's own financial aid form,
CSS/Financial Aid PROFILE,X
State aid form,
Noncustodial PROFILE,
Business/Farm Supplement,
Other (specify):,
Priority date for filing required financial aid forms: (Strongly encouraged but not required),December 15
Deadline for filing required financial aid forms: (Strongly encouraged but not required),March 31
No deadline for filing required forms (applications processed on a rolling basis):,n/a
a),Students notified on or about (date):,,
"",Yes,No,
b),Students notified on a rolling basis:,X,
"","If yes, starting date:",January 31,
Students must reply by (date):,May 1
or within _______ weeks of notification.,2
Direct Subsidized Stafford Loans,X
Direct Unsubsidized Stafford Loans,X
Direct PLUS Loans,X
Federal Perkins Loans,n/a
Federal Nursing Loans,X
State Loans,
College/university loans from institutional funds,X
Other (specify):  Health Professions Student Loans,X
Federal Pell,X
SEOG,X
State scholarships/grants,X
Private scholarships,X
College/university scholarship or grant aid from institutional funds,X
United Negro College Fund,
Federal Nursing Scholarship,
"Other (specify): Iraq and Afghanistan Service Grant, Michigan Competitive Scholarship,",
"Michigan Grant, M-Pact, TEACH Grant, MTS/Fairfax, Tappan.",X
"",Non-Need Based,Need-Based
Academics,X,X
Alumni affiliation,X,
Art,X,
Athletics,X,
Job skills,,
ROTC,X,
Leadership,X,
Minority status,,
Music/drama,X,
Religious affiliation,X,
State/district residency,X,
"",Full-time,Part-time
"(a) instructional faculty in preclinical and clinical medicine, faculty who are not paid (e.g.,",Exclude,Include only if they teach
"those who donate their services or are in the military), or research-only faculty, post-",,one or more non-clinical
"doctoral fellows, or pre-doctoral fellows",,credit courses
"(b) administrative officers with titles such as dean of students, librarian, registrar, coach,",Exclude,Include if they teach one or
"and the like, even though they may devote part of their time to classroom instruction and",,more non-clinical credit
may have faculty status,,courses
(c) other administrators/staff who teach one or more non-clinical credit courses even,Exclude,Include
though they do not have faculty status,,
"(d) undergraduate or graduate students who assist in the instruction of courses, but have",Exclude,Exclude
"titles such as teaching assistant, teaching fellow, and the like",,
(e) faculty on sabbatical or leave with pay,Include,Exclude
(f) faculty on leave without pay,Exclude,Exclude
(g) replacement faculty for faculty on sabbatical leave or leave with pay,Exclude,Include
I1,,,Full-Time,Part-Time,Total
"",a) Total number of instructional faculty,,"2,983",723,"3,706"
"",b) Total number who are members of minority groups,,861,173,"1,034"
"",c) Total number who are women,,"1,316",377,"1,693"
"",d) Total number who are men,,"1,667",346,"2,013"
"",e) Total number who are US nonresidents (international),,154,19,173
"","f) Total number with doctorate, or other terminal degree",,"2,680",506,"3,186"
"",Total number whose highest degree is a master's but not a terminal g) master's,,198,122,320
"",h) Total number whose highest degree is a bachelor's,,62,59,121
"",Total number whose highest degree is unknown or other  (Note:  Items,,,,
"","i) f, g, h, and i must sum up to item a.)",,43,36,79
"",Total number in stand-alone graduate/ professional programs in which j) faculty teach virtually only graduate-level students,,249,239,488
"",2-9,,10-19,20-29,30-39,40-49,50-99,,100+,Total
CLASS SECTIONS,605,,"1,695",647,239,163,471,,309,"4,129"
"",14.7%,,41.1%,15.7%,5.8%,3.9%,11.4%,,7.5%,100%
"",,55.7%,,,25.4%,,,18.9%,,
CLASS SUB-,,,,,,,,
"",2-9,10-19,20-29,30-39,40-49,50-99,100+,Total
SECTIONS,145,905,"1,463",364,115,31,5,"3,028"
"",4.8%,29.9%,48.3%,12.0%,3.8%,1.0%,0.2%,100%
CIP 2020 Category (UM-Ann Arbor grants Bachelor's degrees; no undergraduate Bachelor’s degrees (First majors),
Diploma/Certificates or Associate degrees),
"",Categories to
"",Include
Agriculture,1
Natural resources and conservation 92 1%,3
Architecture 52 1%,4
"Area, ethnic, and gender studies 65 1%",5
Communication/journalism 217 3%,9
Communication technologies,10
"Computer and information sciences 1,156 14%",11
Personal and culinary services,12
Education 84 1%,13
"Engineering 1,192 15%",14
Engineering technologies 4 0%,15
"Foreign languages, literatures, and linguistics 124 2%",16
Family and consumer sciences,19
Law/legal studies,22
English 95 1%,23
Liberal arts/general studies 52 1%,24
Library science,25
Biological/life sciences 774 10%,26
Mathematics and statistics 236 3%,27
Military science and military technologies,28 & 29
Interdisciplinary studies 369 5%,30
Parks and recreation 263 3%,31
Philosophy and religious studies 29 0%,38
Theology and religious vocations,39
Physical sciences 150 2%,40
Science technologies,41
Psychology 638 8%,42
"Homeland Security, law enforcement, firefighting, and protective services",43
Public administration and social services 81 1%,44
Social sciences 862 11%,45
Construction trades,46
Mechanic and repair technologies,47
Precision production,48
Transportation and materials moving,49
Visual and performing arts 395 5%,50
Health professions and related programs 363 5%,51
Business/marketing 637 8%,52
History 91 1%,54
Other,-
"TOTAL 8,021 100%",
